Textual Scenario;Steps;Tasks;;;;;;;;;;;;;;;;;;;;;;;
Reading Real-Time Machine Sensor Log;1. Data Acquisition#2. Signal Processing#3. Anomaly Detection#4. Performance Modeling#5. Diagnostic Reporting;Step 1:#- Collect high-frequency sensor measurements#- Protect machine-specific configuration data#- Remove redundant sensor noise##Step 2:#- Normalize timestamp recordings#- Filter signal interference#- Prepare sensor data for advanced analysis##Step 3:#- Identify potential performance deviations#- Extract critical sensor signature patterns#- Develop anomaly detection algorithm##Step 4:#- Create predictive performance model#- Map sensor signatures to machine health indicators#- Develop machine learning classification approach##Step 5:#- Compare predicted versus actual machine performance#- Calculate diagnostic accuracy metrics#- Generate comprehensive machine health report;;;;;;;;;;;;;;;;;;;;;;;
Applying Predictive Maintenance Algorithm;1. Equipment Data Collection#2. Condition Monitoring#3. Failure Pattern Analysis#4. Maintenance Prediction#5. Risk Assessment;Step 1:#- Retrieve equipment operational logs#- Anonymize machine identification codes#- Streamline sensor measurement columns##Step 2:#- Standardize temporal maintenance records#- Prepare equipment condition indicators#- Align machine performance timestamps##Step 3:#- Reduce feature complexity#- Identify primary failure influencing factors#- Group correlated equipment degradation variables##Step 4:#- Segment dataset for cross-validation#- Develop regression model for maintenance prediction#- Explore probabilistic failure modeling techniques##Step 5:#- Compare predicted versus actual maintenance events#- Calculate prediction accuracy metrics#- Generate comprehensive equipment reliability analysis report;;;;;;;;;;;;;;;;;;;;;;;
Comparing Production Line Efficiency Models;1. Performance Data Retrieval#2. Operational Preprocessing#3. Model Development#4. Efficiency Comparison#5. Optimization Recommendations;Step 1:#- Extract production line performance datasets#- Protect manufacturing process specifics#- Remove non-critical operational details##Step 2:#- Normalize timestamp recordings#- Prepare efficiency performance indicators#- Align production cycle measurements##Step 3:#- Reduce feature dimensionality#- Identify critical efficiency influencing factors#- Group correlated production performance variables##Step 4:#- Create multiple regression model variants#- Develop comparative efficiency prediction approaches#- Implement cross-validation techniques##Step 5:#- Compare multiple predictive models#- Calculate performance and accuracy metrics#- Generate comprehensive production efficiency comparative analysis report;;;;;;;;;;;;;;;;;;;;;;;
Applying Anomaly Detection;1. Signal Data Gathering#2. Data Normalization#3. Pattern Recognition#4. Deviation Modeling#5. Performance Evaluation;Step 1:#- Collect multi-source operational signals#- Protect system-specific configuration information#- Remove redundant measurement columns##Step 2:#- Standardize timestamp recordings#- Align sensor measurement intervals#- Prepare comprehensive signal indicators##Step 3:#- Reduce feature dimensionality#- Identify primary anomaly influencing factors#- Group correlated signal deviation variables##Step 4:#- Create data partitions for validation#- Develop statistical anomaly detection model#- Explore machine learning classification techniques##Step 5:#- Compare predicted versus actual system anomalies#- Calculate correlation and accuracy metrics#- Generate detailed deviation analysis report;;;;;;;;;;;;;;;;;;;;;;;
Reading Robotic Arm Performance Log;1. Performance Data Extraction#2. Kinematic Analysis#3. Movement Pattern Identification#4. Performance Prediction#5. Precision Assessment;Step 1:#- Retrieve robotic arm operational datasets#- Anonymize robotic system identifiers#- Streamline movement tracking columns##Step 2:#- Normalize temporal performance data#- Prepare kinematic performance indicators#- Align robotic movement timestamps##Step 3:#- Reduce feature complexity#- Identify primary movement influencing factors#- Group correlated robotic arm performance variables##Step 4:#- Segment data for cross-validation#- Develop regression model for precision prediction#- Experiment with movement trajectory approaches##Step 5:#- Compare predicted versus actual robotic arm performances#- Calculate performance accuracy metrics#- Generate comprehensive robotic system analysis report;;;;;;;;;;;;;;;;;;;;;;;
Conducting Statistical Process Control;1. Manufacturing Data Collection#2. Quality Metric Preparation#3. Statistical Variation Analysis#4. Process Capability Modeling#5. Control Limit Evaluation;Step 1:#- Gather production quality measurement datasets#- Protect manufacturing process specifics#- Remove non-critical quality control details##Step 2:#- Standardize measurement timestamps#- Prepare statistical quality indicators#- Align production batch measurements##Step 3:#- Reduce data dimensionality#- Identify critical quality variation factors#- Group correlated manufacturing performance variables##Step 4:#- Create data partitions for validation#- Develop statistical control model#- Explore process capability analysis techniques##Step 5:#- Compare predicted versus actual quality control limits#- Calculate statistical variation metrics#- Generate comprehensive manufacturing process control report;;;;;;;;;;;;;;;;;;;;;;;
Applying Machine Learning Classification;1. Feature Data Retrieval#2. Data Preprocessing#3. Model Training#4. Classification Development#5. Performance Validation;Step 1:#- Extract multi-dimensional feature datasets#- Protect sensitive classification information#- Streamline data collection columns##Step 2:#- Normalize temporal feature data#- Prepare classification indicators#- Align feature measurement timestamps##Step 3:#- Reduce feature complexity#- Identify primary classification influencing factors#- Group correlated feature variables##Step 4:#- Segment dataset for cross-validation#- Develop machine learning classification model#- Experiment with different algorithmic approaches##Step 5:#- Compare predicted versus actual classification outcomes#- Calculate performance accuracy metrics#- Generate comprehensive classification analysis report;;;;;;;;;;;;;;;;;;;;;;;
Reading Supply Chain Inventory Data;1. Inventory Data Collection#2. Logistical Preprocessing#3. Demand Pattern Analysis#4. Inventory Prediction#5. Optimization Assessment;Step 1:#- Retrieve global supply chain datasets#- Anonymize product-specific information#- Remove redundant tracking details##Step 2:#- Normalize timestamp recordings#- Prepare inventory indicators#- Align supply chain measurement timestamps##Step 3:#- Reduce feature complexity#- Identify primary inventory influencing factors#- Group correlated supply chain variables##Step 4:#- Create data partitions for validation#- Develop regression model for inventory prediction#- Explore demand forecasting techniques##Step 5:#- Compare predicted versus actual inventory levels#- Calculate prediction accuracy metrics#- Generate comprehensive supply chain optimization report;;;;;;;;;;;;;;;;;;;;;;;
Performing Energy Consumption Analysis;1. Energy Data Gathering#2. Consumption Normalization#3. Usage Pattern Identification#4. Predictive Modeling#5. Efficiency Evaluation;Step 1:#- Collect multi-source energy consumption datasets#- Protect consumer-specific information#- Remove redundant measurement columns##Step 2:#- Standardize timestamp recordings#- Align energy measurement intervals#- Prepare comprehensive consumption indicators##Step 3:#- Reduce feature dimensionality#- Identify primary consumption influencing factors#- Group correlated energy usage variables##Step 4:#- Create data partitions for validation#- Develop regression model for energy prediction#- Explore alternative modeling techniques##Step 5:#- Compare predicted versus actual energy consumption measurements#- Calculate correlation and accuracy metrics#- Generate detailed energy efficiency analysis report;;;;;;;;;;;;;;;;;;;;;;;
Applying Computer Vision Quality Control;1. Image Data Acquisition#2. Visual Feature Processing#3. Defect Detection#4. Quality Prediction#5. Performance Assessment;Step 1:#- Retrieve manufacturing product image datasets#- Anonymize production line identifiers#- Streamline image collection parameters##Step 2:#- Normalize visual feature representations#- Prepare quality inspection indicators#- Align image measurement formats##Step 3:#- Reduce feature complexity#- Identify primary visual quality influencing factors#- Group correlated image defect variables##Step 4:#- Segment dataset for cross-validation#- Develop computer vision classification model#- Experiment with deep learning approaches##Step 5:#- Compare predicted versus actual quality inspection outcomes#- Calculate performance accuracy metrics#- Generate comprehensive visual quality analysis report;;;;;;;;;;;;;;;;;;;;;;;
Reading CNC Machine Tool Wear Data;1. Machining Data Collection#2. Wear Pattern Analysis#3. Performance Degradation Tracking#4. Predictive Maintenance Modeling#5. Tool Replacement Optimization;Step 1:#- Collect precision machining sensor recordings#- Protect machine-specific configuration data#- Remove redundant operational noise##Step 2:#- Normalize timestamp recordings#- Filter signal interference#- Prepare tool wear indicators##Step 3:#- Identify progressive wear signature patterns#- Extract critical machining performance variables#- Develop wear progression algorithm##Step 4:#- Create predictive tool life model#- Map wear signatures to replacement probabilities#- Develop machine learning degradation approach##Step 5:#- Compare predicted versus actual tool wear outcomes#- Calculate diagnostic accuracy metrics#- Generate comprehensive tool maintenance recommendation report;;;;;;;;;;;;;;;;;;;;;;;
Applying Predictive Quality Forecasting;1. Production Quality Data Retrieval#2. Defect Pattern Processing#3. Quality Indicator Identification#4. Prediction Model Development#5. Performance Validation;Step 1:#- Extract manufacturing quality datasets#- Anonymize production line identifiers#- Streamline defect tracking columns##Step 2:#- Normalize temporal quality data#- Prepare defect probability indicators#- Align production measurement timestamps##Step 3:#- Reduce feature complexity#- Identify primary quality influencing factors#- Group correlated manufacturing defect variables##Step 4:#- Segment dataset for cross-validation#- Develop regression model for quality prediction#- Experiment with probabilistic forecasting techniques##Step 5:#- Compare predicted versus actual product quality metrics#- Calculate prediction accuracy metrics#- Generate comprehensive quality forecasting analysis report;;;;;;;;;;;;;;;;;;;;;;;
Comparing Additive Manufacturing Process Models;1. Manufacturing Performance Data Collection#2. Process Parameter Analysis#3. Model Development#4. Comparative Evaluation#5. Optimization Recommendations;Step 1:#- Retrieve additive manufacturing performance datasets#- Protect proprietary manufacturing process details#- Remove non-critical operational parameters##Step 2:#- Normalize timestamp recordings#- Prepare manufacturing performance indicators#- Align process measurement intervals##Step 3:#- Reduce feature dimensionality#- Identify critical process influencing factors#- Group correlated manufacturing performance variables##Step 4:#- Create multiple regression model variants#- Develop comparative process prediction approaches#- Implement cross-validation techniques##Step 5:#- Compare multiple predictive models#- Calculate performance and accuracy metrics#- Generate comprehensive additive manufacturing process comparative analysis report;;;;;;;;;;;;;;;;;;;;;;;
Applying Reinforcement Learning Optimization;1. Operational Data Gathering#2. Performance Baseline Establishment#3. Learning Strategy Development#4. Optimization Modeling#5. Performance Improvement Assessment;Step 1:#- Collect multi-dimensional operational datasets#- Protect system-specific configuration information#- Remove redundant performance measurements##Step 2:#- Standardize timestamp recordings#- Prepare performance baseline indicators#- Align operational measurement intervals##Step 3:#- Reduce feature dimensionality#- Identify primary optimization influencing factors#- Group correlated performance variables##Step 4:#- Create learning environment model#- Develop reinforcement learning optimization strategy#- Explore adaptive decision-making techniques##Step 5:#- Compare predicted versus actual performance improvements#- Calculate optimization efficiency metrics#- Generate comprehensive learning strategy analysis report;;;;;;;;;;;;;;;;;;;;;;;
Reading Industrial Robot Collaborative Workspace Data;1. Workspace Interaction Data Extraction#2. Safety Parameter Analysis#3. Collaborative Performance Tracking#4. Interaction Prediction#5. Workspace Efficiency Assessment;Step 1:#- Retrieve robot-human collaborative datasets#- Anonymize workspace tracking identifiers#- Streamline interaction tracking columns##Step 2:#- Normalize temporal interaction data#- Prepare collaborative performance indicators#- Align workspace measurement timestamps##Step 3:#- Reduce feature complexity#- Identify primary interaction influencing factors#- Group correlated collaborative workspace variables##Step 4:#- Segment data for cross-validation#- Develop regression model for interaction prediction#- Experiment with collaborative performance approaches##Step 5:#- Compare predicted versus actual workspace interaction outcomes#- Calculate performance accuracy metrics#- Generate comprehensive robot-human collaboration analysis report;;;;;;;;;;;;;;;;;;;;;;;
Tracking Predictive Welding Quality;1. Welding Process Data Collection#2. Weld Parameter Normalization#3. Quality Signature Analysis#4. Defect Prediction Modeling#5. Performance Validation;Step 1:#- Gather welding process sensor recordings#- Protect manufacturing process specifics#- Remove non-critical operational details##Step 2:#- Standardize timestamp measurements#- Prepare welding quality indicators#- Align process measurement intervals##Step 3:#- Reduce data dimensionality#- Identify critical welding quality factors#- Group correlated welding performance variables##Step 4:#- Create data partitions for validation#- Develop predictive model for weld quality#- Explore machine learning classification techniques##Step 5:#- Compare predicted versus actual welding defect rates#- Calculate correlation and accuracy metrics#- Generate detailed welding quality prediction report;;;;;;;;;;;;;;;;;;;;;;;
Reading Green Manufacturing Emissions;1. Environmental Impact Data Gathering#2. Emission Pattern Preprocessing#3. Sustainability Indicator Analysis#4. Emission Prediction Modeling#5. Environmental Performance Evaluation;Step 1:#- Collect multi-source manufacturing emissions datasets#- Protect facility-specific environmental information#- Remove redundant measurement columns##Step 2:#- Standardize timestamp recordings#- Align emission measurement intervals#- Prepare comprehensive sustainability indicators##Step 3:#- Reduce feature dimensionality#- Identify primary emission influencing factors#- Group correlated environmental performance variables##Step 4:#- Create data partitions for validation#- Develop regression model for emission prediction#- Explore alternative sustainability modeling techniques##Step 5:#- Compare predicted versus actual environmental impact measurements#- Calculate correlation and accuracy metrics#- Generate detailed green manufacturing analysis report;;;;;;;;;;;;;;;;;;;;;;;
Applying AI-Driven Supply Chain Optimization;1. Logistical Data Retrieval#2. Network Performance Analysis#3. Optimization Strategy Development#4. Predictive Modeling#5. Efficiency Assessment;Step 1:#- Extract global supply chain performance datasets#- Protect confidential logistics information#- Streamline operational tracking columns##Step 2:#- Normalize temporal supply chain data#- Prepare optimization performance indicators#- Align logistics measurement timestamps##Step 3:#- Reduce feature complexity#- Identify primary supply chain influencing factors#- Group correlated logistical performance variables##Step 4:#- Segment dataset for cross-validation#- Develop AI-driven optimization model#- Experiment with advanced predictive techniques##Step 5:#- Compare predicted versus actual supply chain efficiency outcomes#- Calculate performance accuracy metrics#- Generate comprehensive AI optimization analysis report;;;;;;;;;;;;;;;;;;;;;;;
Conducting Advanced Materials Characterization;1. Material Performance Data Collection#2. Structural Property Analysis#3. Characteristic Identification#4. Performance Prediction#5. Material Innovation Assessment;Step 1:#- Retrieve advanced material testing datasets#- Anonymize research-specific information#- Remove unnecessary experimental details##Step 2:#- Standardize measurement timestamps#- Prepare material performance indicators#- Align experimental data formats##Step 3:#- Reduce data dimensionality#- Identify critical material performance factors#- Group correlated materials science variables##Step 4:#- Create data partitions for validation#- Develop regression model for material performance prediction#- Explore advanced characterization techniques##Step 5:#- Compare predicted versus actual material property outcomes#- Calculate prediction accuracy metrics#- Generate comprehensive materials innovation analysis report;;;;;;;;;;;;;;;;;;;;;;;
Reading Battery Manufacturing Quality;1. Battery Production Data Extraction#2. Performance Parameter Preprocessing#3. Quality Signature Analysis#4. Manufacturing Prediction#5. Performance Validation;Step 1:#- Collect battery production sensor recordings#- Protect manufacturing process specifics#- Remove non-critical operational details##Step 2:#- Normalize timestamp measurements#- Prepare battery quality indicators#- Align production measurement intervals##Step 3:#- Reduce data dimensionality#- Identify critical battery quality factors#- Group correlated manufacturing performance variables##Step 4:#- Create data partitions for validation#- Develop predictive model for battery quality#- Explore machine learning classification techniques##Step 5:#- Compare predicted versus actual battery performance metrics#- Calculate correlation and accuracy metrics#- Generate detailed battery manufacturing quality report;;;;;;;;;;;;;;;;;;;;;;;
Applying Predictive Wind Turbine Maintenance;1. Wind Turbine Performance Data Collection#2. Operational Condition Monitoring#3. Degradation Pattern Analysis#4. Maintenance Prediction#5. Reliability Assessment;Step 1:#- Retrieve wind turbine operational logs#- Anonymize turbine identification codes#- Streamline sensor measurement columns##Step 2:#- Standardize temporal maintenance records#- Prepare turbine condition indicators#- Align performance timestamps##Step 3:#- Reduce feature complexity#- Identify primary degradation influencing factors#- Group correlated turbine performance variables##Step 4:#- Segment dataset for cross-validation#- Develop regression model for maintenance prediction#- Explore probabilistic failure modeling techniques##Step 5:#- Compare predicted versus actual maintenance events#- Calculate prediction accuracy metrics#- Generate comprehensive wind turbine reliability analysis report;;;;;;;;;;;;;;;;;;;;;;;
Performing Aerospace Component Inspection;1. Component Quality Data Gathering#2. Structural Integrity Analysis#3. Defect Detection#4. Predictive Quality Modeling#5. Performance Validation;Step 1:#- Collect aerospace component inspection datasets#- Protect proprietary manufacturing information#- Remove non-critical inspection details##Step 2:#- Normalize measurement timestamps#- Prepare structural integrity indicators#- Align inspection measurement intervals##Step 3:#- Reduce feature dimensionality#- Identify critical component quality factors#- Group correlated structural performance variables##Step 4:#- Create data partitions for validation#- Develop regression model for component quality prediction#- Explore advanced defect detection techniques##Step 5:#- Compare predicted versus actual component quality outcomes#- Calculate prediction accuracy metrics#- Generate comprehensive aerospace component inspection report;;;;;;;;;;;;;;;;;;;;;;;
Reading Smart Textile Manufacturing Data;1. Textile Production Data Collection#2. Fabric Performance Analysis#3. Quality Signature Identification#4. Manufacturing Prediction#5. Innovation Assessment;Step 1:#- Retrieve smart textile production sensor recordings#- Anonymize manufacturing process specifics#- Remove redundant operational data##Step 2:#- Normalize timestamp measurements#- Prepare textile quality indicators#- Align production measurement intervals##Step 3:#- Reduce data dimensionality#- Identify critical textile performance factors#- Group correlated manufacturing quality variables##Step 4:#- Create data partitions for validation#- Develop predictive model for textile quality#- Explore machine learning classification techniques##Step 5:#- Compare predicted versus actual textile performance metrics#- Calculate correlation and accuracy metrics#- Generate detailed smart textile manufacturing quality report;;;;;;;;;;;;;;;;;;;;;;;
Applying Quantum Sensor Calibration;1. Sensor Performance Data Retrieval#2. Calibration Parameter Processing#3. Precision Measurement Analysis#4. Calibration Prediction#5. Accuracy Validation;Step 1:#- Extract quantum sensor performance datasets#- Protect sensitive calibration information#- Streamline measurement tracking columns##Step 2:#- Normalize temporal calibration data#- Prepare precision performance indicators#- Align sensor measurement timestamps##Step 3:#- Reduce feature complexity#- Identify primary calibration influencing factors#- Group correlated sensor performance variables##Step 4:#- Segment dataset for cross-validation#- Develop regression model for sensor calibration prediction#- Experiment with advanced precision modeling techniques##Step 5:#- Compare predicted versus actual sensor calibration outcomes#- Calculate prediction accuracy metrics#- Generate comprehensive quantum sensor calibration analysis report;;;;;;;;;;;;;;;;;;;;;;;
Comparing Nanotechnology Manufacturing Models;1. Nanomaterial Production Performance Data Collection#2. Process Parameter Analysis#3. Model Development#4. Comparative Evaluation#5. Optimization Recommendations;Step 1:#- Retrieve nanotechnology manufacturing datasets#- Protect proprietary manufacturing process details#- Remove non-critical operational parameters##Step 2:#- Normalize timestamp recordings#- Prepare nanomaterial performance indicators#- Align process measurement intervals##Step 3:#- Reduce feature dimensionality#- Identify critical nanotechnology process influencing factors#- Group correlated manufacturing performance variables##Step 4:#- Create multiple regression model variants#- Develop comparative process prediction approaches#- Implement cross-validation techniques##Step 5:#- Compare multiple predictive models#- Calculate performance and accuracy metrics#- Generate comprehensive nanotechnology manufacturing process comparative analysis report;;;;;;;;;;;;;;;;;;;;;;;
Reading Pharmaceutical Manufacturing Quality;1. Pharmaceutical Production Data Extraction#2. Quality Control Parameter Preprocessing#3. Batch Consistency Analysis#4. Manufacturing Prediction#5. Compliance Validation;Step 1:#- Collect pharmaceutical production sensor recordings#- Protect manufacturing process specifics#- Remove non-critical operational details##Step 2:#- Normalize timestamp measurements#- Prepare pharmaceutical quality indicators#- Align production measurement intervals##Step 3:#- Reduce data dimensionality#- Identify critical pharmaceutical quality factors#- Group correlated manufacturing performance variables##Step 4:#- Create data partitions for validation#- Develop predictive model for pharmaceutical quality#- Explore machine learning classification techniques##Step 5:#- Compare predicted versus actual pharmaceutical batch quality metrics#- Calculate correlation and accuracy metrics#- Generate detailed pharmaceutical manufacturing quality report;;;;;;;;;;;;;;;;;;;;;;;
Applying Seismic Equipment Monitoring;1. Seismic Sensor Data Collection#2. Equipment Performance Analysis#3. Operational Condition Tracking#4. Predictive Maintenance Modeling#5. Reliability Assessment;Step 1:#- Retrieve seismic equipment operational logs#- Anonymize equipment identification codes#- Streamline sensor measurement columns##Step 2:#- Standardize temporal performance records#- Prepare equipment condition indicators#- Align operational performance timestamps##Step 3:#- Reduce feature complexity#- Identify primary degradation influencing factors#- Group correlated equipment performance variables##Step 4:#- Segment dataset for cross-validation#- Develop regression model for equipment maintenance prediction#- Explore probabilistic failure modeling techniques##Step 5:#- Compare predicted versus actual equipment maintenance events#- Calculate prediction accuracy metrics#- Generate comprehensive seismic equipment reliability analysis report;;;;;;;;;;;;;;;;;;;;;;;
Tracking Marine Propulsion System Performance;1. Marine Propulsion Data Gathering#2. Operational Condition Monitoring#3. Performance Signature Analysis#4. Predictive Efficiency Modeling#5. Performance Validation;Step 1:#- Collect marine propulsion system sensor recordings#- Protect vessel-specific operational information#- Remove redundant performance measurements##Step 2:#- Normalize timestamp measurements#- Prepare propulsion performance indicators#- Align operational measurement intervals##Step 3:#- Reduce data dimensionality#- Identify critical propulsion performance factors#- Group correlated marine system variables##Step 4:#- Create data partitions for validation#- Develop regression model for propulsion efficiency prediction#- Explore advanced performance modeling techniques##Step 5:#- Compare predicted versus actual marine propulsion system performance#- Calculate correlation and accuracy metrics#- Generate detailed marine propulsion system analysis report;;;;;;;;;;;;;;;;;;;;;;;
Reading Precision Agricultural Equipment Data;1. Agricultural Equipment Performance Data Collection#2. Operational Parameter Analysis#3. Efficiency Tracking#4. Performance Prediction#5. Agricultural Optimization Assessment;Step 1:#- Retrieve precision agricultural equipment datasets#- Anonymize equipment-specific identifiers#- Streamline operational tracking columns##Step 2:#- Normalize temporal performance data#- Prepare agricultural equipment performance indicators#- Align operational measurement timestamps##Step 3:#- Reduce feature complexity#- Identify primary performance influencing factors#- Group correlated agricultural equipment variables##Step 4:#- Segment dataset for cross-validation#- Develop regression model for equipment performance prediction#- Experiment with precision agriculture modeling techniques##Step 5:#- Compare predicted versus actual agricultural equipment performance outcomes#- Calculate performance accuracy metrics#- Generate comprehensive precision agricultural equipment analysis report;;;;;;;;;;;;;;;;;;;;;;;
Applying Robotic Microsurgery Optimization;1. Surgical Robotic System Data Retrieval#2. Precision Performance Analysis#3. Optimization Strategy Development#4. Surgical Performance Modeling#5. Efficiency Assessment;Step 1:#- Extract robotic microsurgery operational datasets#- Protect patient-specific medical information#- Streamline surgical performance tracking columns##Step 2:#- Normalize temporal surgical data#- Prepare precision performance indicators#- Align surgical procedure measurement timestamps##Step 3:#- Reduce feature complexity#- Identify primary surgical performance influencing factors#- Group correlated robotic microsurgery variables##Step 4:#- Segment dataset for cross-validation#- Develop AI-driven optimization model#- Experiment with advanced surgical performance techniques##Step 5:#- Compare predicted versus actual surgical precision outcomes#- Calculate performance accuracy metrics#- Generate comprehensive robotic microsurgery optimization analysis report;;;;;;;;;;;;;;;;;;;;;;;
Comparing Hydrogen Fuel Cell Manufacturing Models;1. Fuel Cell Production Performance Data Collection#2. Process Parameter Analysis#3. Model Development#4. Comparative Evaluation#5. Optimization Recommendations;Step 1:#- Retrieve hydrogen fuel cell manufacturing datasets#- Protect proprietary manufacturing process details#- Remove non-critical operational parameters##Step 2:#- Normalize timestamp recordings#- Prepare fuel cell performance indicators#- Align process measurement intervals##Step 3:#- Reduce feature dimensionality#- Identify critical fuel cell manufacturing process influencing factors#- Group correlated manufacturing performance variables##Step 4:#- Create multiple regression model variants#- Develop comparative process prediction approaches#- Implement cross-validation techniques##Step 5:#- Compare multiple predictive models#- Calculate performance and accuracy metrics#- Generate comprehensive hydrogen fuel cell manufacturing process comparative analysis report;;;;;;;;;;;;;;;;;;;;;;;
Reading Automotive Lightweight Materials Performance;1. Automotive Material Performance Data Extraction#2. Structural Integrity Analysis#3. Performance Signature Identification#4. Material Prediction#5. Innovation Assessment;Step 1:#- Collect automotive lightweight material testing datasets#- Protect proprietary research information#- Remove unnecessary experimental details##Step 2:#- Normalize measurement timestamps#- Prepare material performance indicators#- Align experimental data formats##Step 3:#- Reduce data dimensionality#- Identify critical automotive material performance factors#- Group correlated materials science variables##Step 4:#- Create data partitions for validation#- Develop predictive model for material performance#- Explore advanced characterization techniques##Step 5:#- Compare predicted versus actual automotive material performance outcomes#- Calculate prediction accuracy metrics#- Generate comprehensive automotive lightweight materials innovation analysis report;;;;;;;;;;;;;;;;;;;;;;;
;;;;;;;;;;;;;;;;;;;;;;;;;
;;;;;;;;;;;;;;;;;;;;;;;;;
;;;;;;;;;;;;;;;;;;;;;;;;;
;;;;;;;;;;;;;;;;;;;;;;;;;
;;;;;;;;;;;;;;;;;;;;;;;;;
;;;;;;;;;;;;;;;;;;;;;;;;;
;;;;;;;;;;;;;;;;;;;;;;;;;
;;;;;;;;;;;;;;;;;;;;;;;;;
;;;;;;;;;;;;;;;;;;;;;;;;;
;;;;;;;;;;;;;;;;;;;;;;;;;
;;;;;;;;;;;;;;;;;;;;;;;;;
;;;;;;;;;;;;;;;;;;;;;;;;;
;;;;;;;;;;;;;;;;;;;;;;;;;
;;;;;;;;;;;;;;;;;;;;;;;;;
;;;;;;;;;;;;;;;;;;;;;;;;;
;;;;;;;;;;;;;;;;;;;;;;;;;
;;;;;;;;;;;;;;;;;;;;;;;;;
;;;;;;;;;;;;;;;;;;;;;;;;;
;;;;;;;;;;;;;;;;;;;;;;;;;
;;;;;;;;;;;;;;;;;;;;;;;;;
;;;;;;;;;;;;;;;;;;;;;;;;;
;;;;;;;;;;;;;;;;;;;;;;;;;
;;;;;;;;;;;;;;;;;;;;;;;;;
;;;;;;;;;;;;;;;;;;;;;;;;;
;;;;;;;;;;;;;;;;;;;;;;;;;
;;;;;;;;;;;;;;;;;;;;;;;;;
;;;;;;;;;;;;;;;;;;;;;;;;;
;;;;;;;;;;;;;;;;;;;;;;;;;
;;;;;;;;;;;;;;;;;;;;;;;;;
;;;;;;;;;;;;;;;;;;;;;;;;;
;;;;;;;;;;;;;;;;;;;;;;;;;
;;;;;;;;;;;;;;;;;;;;;;;;;
;;;;;;;;;;;;;;;;;;;;;;;;;
;;;;;;;;;;;;;;;;;;;;;;;;;
;;;;;;;;;;;;;;;;;;;;;;;;;
;;;;;;;;;;;;;;;;;;;;;;;;;
;;;;;;;;;;;;;;;;;;;;;;;;;
;;;;;;;;;;;;;;;;;;;;;;;;;
;;;;;;;;;;;;;;;;;;;;;;;;;
;;;;;;;;;;;;;;;;;;;;;;;;;
;;;;;;;;;;;;;;;;;;;;;;;;;
;;;;;;;;;;;;;;;;;;;;;;;;;
;;;;;;;;;;;;;;;;;;;;;;;;;
;;;;;;;;;;;;;;;;;;;;;;;;;
;;;;;;;;;;;;;;;;;;;;;;;;;
;;;;;;;;;;;;;;;;;;;;;;;;;
;;;;;;;;;;;;;;;;;;;;;;;;;
;;;;;;;;;;;;;;;;;;;;;;;;;
;;;;;;;;;;;;;;;;;;;;;;;;;
;;;;;;;;;;;;;;;;;;;;;;;;;
;;;;;;;;;;;;;;;;;;;;;;;;;
;;;;;;;;;;;;;;;;;;;;;;;;;
;;;;;;;;;;;;;;;;;;;;;;;;;
;;;;;;;;;;;;;;;;;;;;;;;;;
;;;;;;;;;;;;;;;;;;;;;;;;;
;;;;;;;;;;;;;;;;;;;;;;;;;
;;;;;;;;;;;;;;;;;;;;;;;;;
;;;;;;;;;;;;;;;;;;;;;;;;;
;;;;;;;;;;;;;;;;;;;;;;;;;
;;;;;;;;;;;;;;;;;;;;;;;;;
;;;;;;;;;;;;;;;;;;;;;;;;;
;;;;;;;;;;;;;;;;;;;;;;;;;
;;;;;;;;;;;;;;;;;;;;;;;;;
;;;;;;;;;;;;;;;;;;;;;;;;;
;;;;;;;;;;;;;;;;;;;;;;;;;
;;;;;;;;;;;;;;;;;;;;;;;;;
;;;;;;;;;;;;;;;;;;;;;;;;;
;;;;;;;;;;;;;;;;;;;;;;;;;
;;;;;;;;;;;;;;;;;;;;;;;;;
;;;;;;;;;;;;;;;;;;;;;;;;;
;;;;;;;;;;;;;;;;;;;;;;;;;
;;;;;;;;;;;;;;;;;;;;;;;;;
;;;;;;;;;;;;;;;;;;;;;;;;;
;;;;;;;;;;;;;;;;;;;;;;;;;
;;;;;;;;;;;;;;;;;;;;;;;;;
;;;;;;;;;;;;;;;;;;;;;;;;;
;;;;;;;;;;;;;;;;;;;;;;;;;
;;;;;;;;;;;;;;;;;;;;;;;;;
;;;;;;;;;;;;;;;;;;;;;;;;;
;;;;;;;;;;;;;;;;;;;;;;;;;
;;;;;;;;;;;;;;;;;;;;;;;;;
;;;;;;;;;;;;;;;;;;;;;;;;;
;;;;;;;;;;;;;;;;;;;;;;;;;
;;;;;;;;;;;;;;;;;;;;;;;;;
;;;;;;;;;;;;;;;;;;;;;;;;;
;;;;;;;;;;;;;;;;;;;;;;;;;
;;;;;;;;;;;;;;;;;;;;;;;;;
;;;;;;;;;;;;;;;;;;;;;;;;;
;;;;;;;;;;;;;;;;;;;;;;;;;
;;;;;;;;;;;;;;;;;;;;;;;;;
;;;;;;;;;;;;;;;;;;;;;;;;;
;;;;;;;;;;;;;;;;;;;;;;;;;
;;;;;;;;;;;;;;;;;;;;;;;;;
;;;;;;;;;;;;;;;;;;;;;;;;;
;;;;;;;;;;;;;;;;;;;;;;;;;
;;;;;;;;;;;;;;;;;;;;;;;;;
;;;;;;;;;;;;;;;;;;;;;;;;;
;;;;;;;;;;;;;;;;;;;;;;;;;
;;;;;;;;;;;;;;;;;;;;;;;;;
;;;;;;;;;;;;;;;;;;;;;;;;;
;;;;;;;;;;;;;;;;;;;;;;;;;
;;;;;;;;;;;;;;;;;;;;;;;;;
;;;;;;;;;;;;;;;;;;;;;;;;;
;;;;;;;;;;;;;;;;;;;;;;;;;
;;;;;;;;;;;;;;;;;;;;;;;;;
;;;;;;;;;;;;;;;;;;;;;;;;;
;;;;;;;;;;;;;;;;;;;;;;;;;
;;;;;;;;;;;;;;;;;;;;;;;;;
;;;;;;;;;;;;;;;;;;;;;;;;;
;;;;;;;;;;;;;;;;;;;;;;;;;
;;;;;;;;;;;;;;;;;;;;;;;;;
;;;;;;;;;;;;;;;;;;;;;;;;;
;;;;;;;;;;;;;;;;;;;;;;;;;
;;;;;;;;;;;;;;;;;;;;;;;;;
;;;;;;;;;;;;;;;;;;;;;;;;;
;;;;;;;;;;;;;;;;;;;;;;;;;
;;;;;;;;;;;;;;;;;;;;;;;;;
;;;;;;;;;;;;;;;;;;;;;;;;;
;;;;;;;;;;;;;;;;;;;;;;;;;
;;;;;;;;;;;;;;;;;;;;;;;;;
;;;;;;;;;;;;;;;;;;;;;;;;;
;;;;;;;;;;;;;;;;;;;;;;;;;
;;;;;;;;;;;;;;;;;;;;;;;;;
;;;;;;;;;;;;;;;;;;;;;;;;;
;;;;;;;;;;;;;;;;;;;;;;;;;
;;;;;;;;;;;;;;;;;;;;;;;;;
;;;;;;;;;;;;;;;;;;;;;;;;;
;;;;;;;;;;;;;;;;;;;;;;;;;
;;;;;;;;;;;;;;;;;;;;;;;;;
;;;;;;;;;;;;;;;;;;;;;;;;;
;;;;;;;;;;;;;;;;;;;;;;;;;
;;;;;;;;;;;;;;;;;;;;;;;;;
;;;;;;;;;;;;;;;;;;;;;;;;;
;;;;;;;;;;;;;;;;;;;;;;;;;
;;;;;;;;;;;;;;;;;;;;;;;;;
;;;;;;;;;;;;;;;;;;;;;;;;;
;;;;;;;;;;;;;;;;;;;;;;;;;
;;;;;;;;;;;;;;;;;;;;;;;;;
;;;;;;;;;;;;;;;;;;;;;;;;;
;;;;;;;;;;;;;;;;;;;;;;;;;
;;;;;;;;;;;;;;;;;;;;;;;;;
;;;;;;;;;;;;;;;;;;;;;;;;;
;;;;;;;;;;;;;;;;;;;;;;;;;
;;;;;;;;;;;;;;;;;;;;;;;;;
;;;;;;;;;;;;;;;;;;;;;;;;;
;;;;;;;;;;;;;;;;;;;;;;;;;
;;;;;;;;;;;;;;;;;;;;;;;;;
;;;;;;;;;;;;;;;;;;;;;;;;;
;;;;;;;;;;;;;;;;;;;;;;;;;
;;;;;;;;;;;;;;;;;;;;;;;;;
;;;;;;;;;;;;;;;;;;;;;;;;;
;;;;;;;;;;;;;;;;;;;;;;;;;
;;;;;;;;;;;;;;;;;;;;;;;;;
;;;;;;;;;;;;;;;;;;;;;;;;;
;;;;;;;;;;;;;;;;;;;;;;;;;
;;;;;;;;;;;;;;;;;;;;;;;;;
;;;;;;;;;;;;;;;;;;;;;;;;;
;;;;;;;;;;;;;;;;;;;;;;;;;
;;;;;;;;;;;;;;;;;;;;;;;;;
;;;;;;;;;;;;;;;;;;;;;;;;;
;;;;;;;;;;;;;;;;;;;;;;;;;
;;;;;;;;;;;;;;;;;;;;;;;;;
;;;;;;;;;;;;;;;;;;;;;;;;;
;;;;;;;;;;;;;;;;;;;;;;;;;
;;;;;;;;;;;;;;;;;;;;;;;;;
;;;;;;;;;;;;;;;;;;;;;;;;;
;;;;;;;;;;;;;;;;;;;;;;;;;
;;;;;;;;;;;;;;;;;;;;;;;;;
;;;;;;;;;;;;;;;;;;;;;;;;;
;;;;;;;;;;;;;;;;;;;;;;;;;
;;;;;;;;;;;;;;;;;;;;;;;;;
;;;;;;;;;;;;;;;;;;;;;;;;;
;;;;;;;;;;;;;;;;;;;;;;;;;
;;;;;;;;;;;;;;;;;;;;;;;;;
;;;;;;;;;;;;;;;;;;;;;;;;;
;;;;;;;;;;;;;;;;;;;;;;;;;
;;;;;;;;;;;;;;;;;;;;;;;;;
;;;;;;;;;;;;;;;;;;;;;;;;;
;;;;;;;;;;;;;;;;;;;;;;;;;
;;;;;;;;;;;;;;;;;;;;;;;;;
;;;;;;;;;;;;;;;;;;;;;;;;;
;;;;;;;;;;;;;;;;;;;;;;;;;
;;;;;;;;;;;;;;;;;;;;;;;;;
;;;;;;;;;;;;;;;;;;;;;;;;;
;;;;;;;;;;;;;;;;;;;;;;;;;
;;;;;;;;;;;;;;;;;;;;;;;;;
;;;;;;;;;;;;;;;;;;;;;;;;;
;;;;;;;;;;;;;;;;;;;;;;;;;
;;;;;;;;;;;;;;;;;;;;;;;;;
;;;;;;;;;;;;;;;;;;;;;;;;;
;;;;;;;;;;;;;;;;;;;;;;;;;
;;;;;;;;;;;;;;;;;;;;;;;;;
;;;;;;;;;;;;;;;;;;;;;;;;;
;;;;;;;;;;;;;;;;;;;;;;;;;
;;;;;;;;;;;;;;;;;;;;;;;;;
;;;;;;;;;;;;;;;;;;;;;;;;;
;;;;;;;;;;;;;;;;;;;;;;;;;
;;;;;;;;;;;;;;;;;;;;;;;;;
;;;;;;;;;;;;;;;;;;;;;;;;;
;;;;;;;;;;;;;;;;;;;;;;;;;
;;;;;;;;;;;;;;;;;;;;;;;;;
;;;;;;;;;;;;;;;;;;;;;;;;;
;;;;;;;;;;;;;;;;;;;;;;;;;
;;;;;;;;;;;;;;;;;;;;;;;;;
;;;;;;;;;;;;;;;;;;;;;;;;;
;;;;;;;;;;;;;;;;;;;;;;;;;
;;;;;;;;;;;;;;;;;;;;;;;;;
;;;;;;;;;;;;;;;;;;;;;;;;;
;;;;;;;;;;;;;;;;;;;;;;;;;
;;;;;;;;;;;;;;;;;;;;;;;;;
;;;;;;;;;;;;;;;;;;;;;;;;;
;;;;;;;;;;;;;;;;;;;;;;;;;
;;;;;;;;;;;;;;;;;;;;;;;;;
;;;;;;;;;;;;;;;;;;;;;;;;;
;;;;;;;;;;;;;;;;;;;;;;;;;
;;;;;;;;;;;;;;;;;;;;;;;;;
;;;;;;;;;;;;;;;;;;;;;;;;;
;;;;;;;;;;;;;;;;;;;;;;;;;
;;;;;;;;;;;;;;;;;;;;;;;;;
;;;;;;;;;;;;;;;;;;;;;;;;;
;;;;;;;;;;;;;;;;;;;;;;;;;
;;;;;;;;;;;;;;;;;;;;;;;;;
;;;;;;;;;;;;;;;;;;;;;;;;;
;;;;;;;;;;;;;;;;;;;;;;;;;
;;;;;;;;;;;;;;;;;;;;;;;;;
;;;;;;;;;;;;;;;;;;;;;;;;;
;;;;;;;;;;;;;;;;;;;;;;;;;
;;;;;;;;;;;;;;;;;;;;;;;;;
;;;;;;;;;;;;;;;;;;;;;;;;;
;;;;;;;;;;;;;;;;;;;;;;;;;
;;;;;;;;;;;;;;;;;;;;;;;;;
;;;;;;;;;;;;;;;;;;;;;;;;;
;;;;;;;;;;;;;;;;;;;;;;;;;
;;;;;;;;;;;;;;;;;;;;;;;;;
;;;;;;;;;;;;;;;;;;;;;;;;;
;;;;;;;;;;;;;;;;;;;;;;;;;
;;;;;;;;;;;;;;;;;;;;;;;;;
;;;;;;;;;;;;;;;;;;;;;;;;;
;;;;;;;;;;;;;;;;;;;;;;;;;
;;;;;;;;;;;;;;;;;;;;;;;;;
;;;;;;;;;;;;;;;;;;;;;;;;;
;;;;;;;;;;;;;;;;;;;;;;;;;
;;;;;;;;;;;;;;;;;;;;;;;;;
;;;;;;;;;;;;;;;;;;;;;;;;;
;;;;;;;;;;;;;;;;;;;;;;;;;
;;;;;;;;;;;;;;;;;;;;;;;;;
;;;;;;;;;;;;;;;;;;;;;;;;;
;;;;;;;;;;;;;;;;;;;;;;;;;
;;;;;;;;;;;;;;;;;;;;;;;;;
;;;;;;;;;;;;;;;;;;;;;;;;;
;;;;;;;;;;;;;;;;;;;;;;;;;
;;;;;;;;;;;;;;;;;;;;;;;;;
;;;;;;;;;;;;;;;;;;;;;;;;;
;;;;;;;;;;;;;;;;;;;;;;;;;
;;;;;;;;;;;;;;;;;;;;;;;;;
;;;;;;;;;;;;;;;;;;;;;;;;;
;;;;;;;;;;;;;;;;;;;;;;;;;
;;;;;;;;;;;;;;;;;;;;;;;;;
;;;;;;;;;;;;;;;;;;;;;;;;;
;;;;;;;;;;;;;;;;;;;;;;;;;
;;;;;;;;;;;;;;;;;;;;;;;;;
;;;;;;;;;;;;;;;;;;;;;;;;;
;;;;;;;;;;;;;;;;;;;;;;;;;
;;;;;;;;;;;;;;;;;;;;;;;;;
;;;;;;;;;;;;;;;;;;;;;;;;;
;;;;;;;;;;;;;;;;;;;;;;;;;
;;;;;;;;;;;;;;;;;;;;;;;;;
;;;;;;;;;;;;;;;;;;;;;;;;;
;;;;;;;;;;;;;;;;;;;;;;;;;
;;;;;;;;;;;;;;;;;;;;;;;;;
;;;;;;;;;;;;;;;;;;;;;;;;;
;;;;;;;;;;;;;;;;;;;;;;;;;
;;;;;;;;;;;;;;;;;;;;;;;;;
;;;;;;;;;;;;;;;;;;;;;;;;;
;;;;;;;;;;;;;;;;;;;;;;;;;
;;;;;;;;;;;;;;;;;;;;;;;;;
;;;;;;;;;;;;;;;;;;;;;;;;;
;;;;;;;;;;;;;;;;;;;;;;;;;
;;;;;;;;;;;;;;;;;;;;;;;;;
;;;;;;;;;;;;;;;;;;;;;;;;;
;;;;;;;;;;;;;;;;;;;;;;;;;
;;;;;;;;;;;;;;;;;;;;;;;;;
;;;;;;;;;;;;;;;;;;;;;;;;;
;;;;;;;;;;;;;;;;;;;;;;;;;
;;;;;;;;;;;;;;;;;;;;;;;;;
;;;;;;;;;;;;;;;;;;;;;;;;;
;;;;;;;;;;;;;;;;;;;;;;;;;
;;;;;;;;;;;;;;;;;;;;;;;;;
;;;;;;;;;;;;;;;;;;;;;;;;;
;;;;;;;;;;;;;;;;;;;;;;;;;
;;;;;;;;;;;;;;;;;;;;;;;;;
;;;;;;;;;;;;;;;;;;;;;;;;;
;;;;;;;;;;;;;;;;;;;;;;;;;
;;;;;;;;;;;;;;;;;;;;;;;;;
;;;;;;;;;;;;;;;;;;;;;;;;;
;;;;;;;;;;;;;;;;;;;;;;;;;
;;;;;;;;;;;;;;;;;;;;;;;;;
;;;;;;;;;;;;;;;;;;;;;;;;;
;;;;;;;;;;;;;;;;;;;;;;;;;
;;;;;;;;;;;;;;;;;;;;;;;;;
;;;;;;;;;;;;;;;;;;;;;;;;;
;;;;;;;;;;;;;;;;;;;;;;;;;
;;;;;;;;;;;;;;;;;;;;;;;;;
;;;;;;;;;;;;;;;;;;;;;;;;;
;;;;;;;;;;;;;;;;;;;;;;;;;
;;;;;;;;;;;;;;;;;;;;;;;;;
;;;;;;;;;;;;;;;;;;;;;;;;;
;;;;;;;;;;;;;;;;;;;;;;;;;
;;;;;;;;;;;;;;;;;;;;;;;;;
;;;;;;;;;;;;;;;;;;;;;;;;;
;;;;;;;;;;;;;;;;;;;;;;;;;
;;;;;;;;;;;;;;;;;;;;;;;;;
;;;;;;;;;;;;;;;;;;;;;;;;;
;;;;;;;;;;;;;;;;;;;;;;;;;
;;;;;;;;;;;;;;;;;;;;;;;;;
;;;;;;;;;;;;;;;;;;;;;;;;;
;;;;;;;;;;;;;;;;;;;;;;;;;
;;;;;;;;;;;;;;;;;;;;;;;;;
;;;;;;;;;;;;;;;;;;;;;;;;;
;;;;;;;;;;;;;;;;;;;;;;;;;
;;;;;;;;;;;;;;;;;;;;;;;;;
;;;;;;;;;;;;;;;;;;;;;;;;;
;;;;;;;;;;;;;;;;;;;;;;;;;
;;;;;;;;;;;;;;;;;;;;;;;;;
;;;;;;;;;;;;;;;;;;;;;;;;;
;;;;;;;;;;;;;;;;;;;;;;;;;
;;;;;;;;;;;;;;;;;;;;;;;;;
;;;;;;;;;;;;;;;;;;;;;;;;;
;;;;;;;;;;;;;;;;;;;;;;;;;
;;;;;;;;;;;;;;;;;;;;;;;;;
;;;;;;;;;;;;;;;;;;;;;;;;;
;;;;;;;;;;;;;;;;;;;;;;;;;
;;;;;;;;;;;;;;;;;;;;;;;;;
;;;;;;;;;;;;;;;;;;;;;;;;;
;;;;;;;;;;;;;;;;;;;;;;;;;
;;;;;;;;;;;;;;;;;;;;;;;;;
;;;;;;;;;;;;;;;;;;;;;;;;;
;;;;;;;;;;;;;;;;;;;;;;;;;
;;;;;;;;;;;;;;;;;;;;;;;;;
;;;;;;;;;;;;;;;;;;;;;;;;;
;;;;;;;;;;;;;;;;;;;;;;;;;
;;;;;;;;;;;;;;;;;;;;;;;;;
;;;;;;;;;;;;;;;;;;;;;;;;;
;;;;;;;;;;;;;;;;;;;;;;;;;
;;;;;;;;;;;;;;;;;;;;;;;;;
;;;;;;;;;;;;;;;;;;;;;;;;;
;;;;;;;;;;;;;;;;;;;;;;;;;
;;;;;;;;;;;;;;;;;;;;;;;;;
;;;;;;;;;;;;;;;;;;;;;;;;;
;;;;;;;;;;;;;;;;;;;;;;;;;
;;;;;;;;;;;;;;;;;;;;;;;;;
;;;;;;;;;;;;;;;;;;;;;;;;;
;;;;;;;;;;;;;;;;;;;;;;;;;
;;;;;;;;;;;;;;;;;;;;;;;;;
;;;;;;;;;;;;;;;;;;;;;;;;;
;;;;;;;;;;;;;;;;;;;;;;;;;
;;;;;;;;;;;;;;;;;;;;;;;;;
;;;;;;;;;;;;;;;;;;;;;;;;;
;;;;;;;;;;;;;;;;;;;;;;;;;
;;;;;;;;;;;;;;;;;;;;;;;;;
;;;;;;;;;;;;;;;;;;;;;;;;;
;;;;;;;;;;;;;;;;;;;;;;;;;
;;;;;;;;;;;;;;;;;;;;;;;;;
;;;;;;;;;;;;;;;;;;;;;;;;;
;;;;;;;;;;;;;;;;;;;;;;;;;
;;;;;;;;;;;;;;;;;;;;;;;;;
;;;;;;;;;;;;;;;;;;;;;;;;;
;;;;;;;;;;;;;;;;;;;;;;;;;
;;;;;;;;;;;;;;;;;;;;;;;;;
;;;;;;;;;;;;;;;;;;;;;;;;;
;;;;;;;;;;;;;;;;;;;;;;;;;
;;;;;;;;;;;;;;;;;;;;;;;;;
;;;;;;;;;;;;;;;;;;;;;;;;;
;;;;;;;;;;;;;;;;;;;;;;;;;
;;;;;;;;;;;;;;;;;;;;;;;;;
;;;;;;;;;;;;;;;;;;;;;;;;;
;;;;;;;;;;;;;;;;;;;;;;;;;
;;;;;;;;;;;;;;;;;;;;;;;;;
;;;;;;;;;;;;;;;;;;;;;;;;;
;;;;;;;;;;;;;;;;;;;;;;;;;
;;;;;;;;;;;;;;;;;;;;;;;;;
;;;;;;;;;;;;;;;;;;;;;;;;;
;;;;;;;;;;;;;;;;;;;;;;;;;
;;;;;;;;;;;;;;;;;;;;;;;;;
;;;;;;;;;;;;;;;;;;;;;;;;;
;;;;;;;;;;;;;;;;;;;;;;;;;
;;;;;;;;;;;;;;;;;;;;;;;;;
;;;;;;;;;;;;;;;;;;;;;;;;;
;;;;;;;;;;;;;;;;;;;;;;;;;
;;;;;;;;;;;;;;;;;;;;;;;;;
;;;;;;;;;;;;;;;;;;;;;;;;;
;;;;;;;;;;;;;;;;;;;;;;;;;
;;;;;;;;;;;;;;;;;;;;;;;;;
;;;;;;;;;;;;;;;;;;;;;;;;;
;;;;;;;;;;;;;;;;;;;;;;;;;
;;;;;;;;;;;;;;;;;;;;;;;;;
;;;;;;;;;;;;;;;;;;;;;;;;;
;;;;;;;;;;;;;;;;;;;;;;;;;
;;;;;;;;;;;;;;;;;;;;;;;;;
;;;;;;;;;;;;;;;;;;;;;;;;;
;;;;;;;;;;;;;;;;;;;;;;;;;
;;;;;;;;;;;;;;;;;;;;;;;;;
;;;;;;;;;;;;;;;;;;;;;;;;;
;;;;;;;;;;;;;;;;;;;;;;;;;
;;;;;;;;;;;;;;;;;;;;;;;;;
;;;;;;;;;;;;;;;;;;;;;;;;;
;;;;;;;;;;;;;;;;;;;;;;;;;
;;;;;;;;;;;;;;;;;;;;;;;;;
;;;;;;;;;;;;;;;;;;;;;;;;;
;;;;;;;;;;;;;;;;;;;;;;;;;
;;;;;;;;;;;;;;;;;;;;;;;;;
;;;;;;;;;;;;;;;;;;;;;;;;;
;;;;;;;;;;;;;;;;;;;;;;;;;
;;;;;;;;;;;;;;;;;;;;;;;;;
;;;;;;;;;;;;;;;;;;;;;;;;;
;;;;;;;;;;;;;;;;;;;;;;;;;
;;;;;;;;;;;;;;;;;;;;;;;;;
;;;;;;;;;;;;;;;;;;;;;;;;;
;;;;;;;;;;;;;;;;;;;;;;;;;
;;;;;;;;;;;;;;;;;;;;;;;;;
;;;;;;;;;;;;;;;;;;;;;;;;;
;;;;;;;;;;;;;;;;;;;;;;;;;
;;;;;;;;;;;;;;;;;;;;;;;;;
;;;;;;;;;;;;;;;;;;;;;;;;;
;;;;;;;;;;;;;;;;;;;;;;;;;
;;;;;;;;;;;;;;;;;;;;;;;;;
;;;;;;;;;;;;;;;;;;;;;;;;;
;;;;;;;;;;;;;;;;;;;;;;;;;
;;;;;;;;;;;;;;;;;;;;;;;;;
;;;;;;;;;;;;;;;;;;;;;;;;;
;;;;;;;;;;;;;;;;;;;;;;;;;
;;;;;;;;;;;;;;;;;;;;;;;;;
;;;;;;;;;;;;;;;;;;;;;;;;;
;;;;;;;;;;;;;;;;;;;;;;;;;
;;;;;;;;;;;;;;;;;;;;;;;;;
;;;;;;;;;;;;;;;;;;;;;;;;;
;;;;;;;;;;;;;;;;;;;;;;;;;
;;;;;;;;;;;;;;;;;;;;;;;;;
;;;;;;;;;;;;;;;;;;;;;;;;;
;;;;;;;;;;;;;;;;;;;;;;;;;
;;;;;;;;;;;;;;;;;;;;;;;;;
;;;;;;;;;;;;;;;;;;;;;;;;;
;;;;;;;;;;;;;;;;;;;;;;;;;
;;;;;;;;;;;;;;;;;;;;;;;;;
;;;;;;;;;;;;;;;;;;;;;;;;;
;;;;;;;;;;;;;;;;;;;;;;;;;
;;;;;;;;;;;;;;;;;;;;;;;;;
;;;;;;;;;;;;;;;;;;;;;;;;;
;;;;;;;;;;;;;;;;;;;;;;;;;
;;;;;;;;;;;;;;;;;;;;;;;;;
;;;;;;;;;;;;;;;;;;;;;;;;;
;;;;;;;;;;;;;;;;;;;;;;;;;
;;;;;;;;;;;;;;;;;;;;;;;;;
;;;;;;;;;;;;;;;;;;;;;;;;;
;;;;;;;;;;;;;;;;;;;;;;;;;
;;;;;;;;;;;;;;;;;;;;;;;;;
;;;;;;;;;;;;;;;;;;;;;;;;;
;;;;;;;;;;;;;;;;;;;;;;;;;
;;;;;;;;;;;;;;;;;;;;;;;;;
;;;;;;;;;;;;;;;;;;;;;;;;;
;;;;;;;;;;;;;;;;;;;;;;;;;
;;;;;;;;;;;;;;;;;;;;;;;;;
;;;;;;;;;;;;;;;;;;;;;;;;;
;;;;;;;;;;;;;;;;;;;;;;;;;
;;;;;;;;;;;;;;;;;;;;;;;;;
;;;;;;;;;;;;;;;;;;;;;;;;;
;;;;;;;;;;;;;;;;;;;;;;;;;
;;;;;;;;;;;;;;;;;;;;;;;;;
;;;;;;;;;;;;;;;;;;;;;;;;;
;;;;;;;;;;;;;;;;;;;;;;;;;
;;;;;;;;;;;;;;;;;;;;;;;;;
;;;;;;;;;;;;;;;;;;;;;;;;;
;;;;;;;;;;;;;;;;;;;;;;;;;
;;;;;;;;;;;;;;;;;;;;;;;;;
;;;;;;;;;;;;;;;;;;;;;;;;;
;;;;;;;;;;;;;;;;;;;;;;;;;
;;;;;;;;;;;;;;;;;;;;;;;;;
;;;;;;;;;;;;;;;;;;;;;;;;;
;;;;;;;;;;;;;;;;;;;;;;;;;
;;;;;;;;;;;;;;;;;;;;;;;;;
;;;;;;;;;;;;;;;;;;;;;;;;;
;;;;;;;;;;;;;;;;;;;;;;;;;
;;;;;;;;;;;;;;;;;;;;;;;;;
;;;;;;;;;;;;;;;;;;;;;;;;;
;;;;;;;;;;;;;;;;;;;;;;;;;
;;;;;;;;;;;;;;;;;;;;;;;;;
;;;;;;;;;;;;;;;;;;;;;;;;;
;;;;;;;;;;;;;;;;;;;;;;;;;
;;;;;;;;;;;;;;;;;;;;;;;;;
;;;;;;;;;;;;;;;;;;;;;;;;;
;;;;;;;;;;;;;;;;;;;;;;;;;
;;;;;;;;;;;;;;;;;;;;;;;;;
;;;;;;;;;;;;;;;;;;;;;;;;;
;;;;;;;;;;;;;;;;;;;;;;;;;
;;;;;;;;;;;;;;;;;;;;;;;;;
;;;;;;;;;;;;;;;;;;;;;;;;;
;;;;;;;;;;;;;;;;;;;;;;;;;
;;;;;;;;;;;;;;;;;;;;;;;;;
;;;;;;;;;;;;;;;;;;;;;;;;;
;;;;;;;;;;;;;;;;;;;;;;;;;
;;;;;;;;;;;;;;;;;;;;;;;;;
;;;;;;;;;;;;;;;;;;;;;;;;;
;;;;;;;;;;;;;;;;;;;;;;;;;
;;;;;;;;;;;;;;;;;;;;;;;;;
;;;;;;;;;;;;;;;;;;;;;;;;;
;;;;;;;;;;;;;;;;;;;;;;;;;
;;;;;;;;;;;;;;;;;;;;;;;;;
;;;;;;;;;;;;;;;;;;;;;;;;;
;;;;;;;;;;;;;;;;;;;;;;;;;
;;;;;;;;;;;;;;;;;;;;;;;;;
;;;;;;;;;;;;;;;;;;;;;;;;;
;;;;;;;;;;;;;;;;;;;;;;;;;
;;;;;;;;;;;;;;;;;;;;;;;;;
;;;;;;;;;;;;;;;;;;;;;;;;;
;;;;;;;;;;;;;;;;;;;;;;;;;
;;;;;;;;;;;;;;;;;;;;;;;;;
;;;;;;;;;;;;;;;;;;;;;;;;;
;;;;;;;;;;;;;;;;;;;;;;;;;
;;;;;;;;;;;;;;;;;;;;;;;;;
;;;;;;;;;;;;;;;;;;;;;;;;;
;;;;;;;;;;;;;;;;;;;;;;;;;
;;;;;;;;;;;;;;;;;;;;;;;;;
;;;;;;;;;;;;;;;;;;;;;;;;;
;;;;;;;;;;;;;;;;;;;;;;;;;
;;;;;;;;;;;;;;;;;;;;;;;;;
;;;;;;;;;;;;;;;;;;;;;;;;;
;;;;;;;;;;;;;;;;;;;;;;;;;
;;;;;;;;;;;;;;;;;;;;;;;;;
;;;;;;;;;;;;;;;;;;;;;;;;;
;;;;;;;;;;;;;;;;;;;;;;;;;
;;;;;;;;;;;;;;;;;;;;;;;;;
;;;;;;;;;;;;;;;;;;;;;;;;;
;;;;;;;;;;;;;;;;;;;;;;;;;
;;;;;;;;;;;;;;;;;;;;;;;;;
;;;;;;;;;;;;;;;;;;;;;;;;;
;;;;;;;;;;;;;;;;;;;;;;;;;
;;;;;;;;;;;;;;;;;;;;;;;;;
;;;;;;;;;;;;;;;;;;;;;;;;;
;;;;;;;;;;;;;;;;;;;;;;;;;
;;;;;;;;;;;;;;;;;;;;;;;;;
;;;;;;;;;;;;;;;;;;;;;;;;;
;;;;;;;;;;;;;;;;;;;;;;;;;
;;;;;;;;;;;;;;;;;;;;;;;;;
;;;;;;;;;;;;;;;;;;;;;;;;;
;;;;;;;;;;;;;;;;;;;;;;;;;
;;;;;;;;;;;;;;;;;;;;;;;;;
;;;;;;;;;;;;;;;;;;;;;;;;;
;;;;;;;;;;;;;;;;;;;;;;;;;
;;;;;;;;;;;;;;;;;;;;;;;;;
;;;;;;;;;;;;;;;;;;;;;;;;;
;;;;;;;;;;;;;;;;;;;;;;;;;
;;;;;;;;;;;;;;;;;;;;;;;;;
;;;;;;;;;;;;;;;;;;;;;;;;;
;;;;;;;;;;;;;;;;;;;;;;;;;
;;;;;;;;;;;;;;;;;;;;;;;;;
;;;;;;;;;;;;;;;;;;;;;;;;;
;;;;;;;;;;;;;;;;;;;;;;;;;
;;;;;;;;;;;;;;;;;;;;;;;;;
;;;;;;;;;;;;;;;;;;;;;;;;;
;;;;;;;;;;;;;;;;;;;;;;;;;
;;;;;;;;;;;;;;;;;;;;;;;;;
;;;;;;;;;;;;;;;;;;;;;;;;;
;;;;;;;;;;;;;;;;;;;;;;;;;
;;;;;;;;;;;;;;;;;;;;;;;;;
;;;;;;;;;;;;;;;;;;;;;;;;;
;;;;;;;;;;;;;;;;;;;;;;;;;
;;;;;;;;;;;;;;;;;;;;;;;;;
;;;;;;;;;;;;;;;;;;;;;;;;;
;;;;;;;;;;;;;;;;;;;;;;;;;
;;;;;;;;;;;;;;;;;;;;;;;;;
;;;;;;;;;;;;;;;;;;;;;;;;;
;;;;;;;;;;;;;;;;;;;;;;;;;
;;;;;;;;;;;;;;;;;;;;;;;;;
;;;;;;;;;;;;;;;;;;;;;;;;;
;;;;;;;;;;;;;;;;;;;;;;;;;
;;;;;;;;;;;;;;;;;;;;;;;;;
;;;;;;;;;;;;;;;;;;;;;;;;;
;;;;;;;;;;;;;;;;;;;;;;;;;
;;;;;;;;;;;;;;;;;;;;;;;;;
;;;;;;;;;;;;;;;;;;;;;;;;;
;;;;;;;;;;;;;;;;;;;;;;;;;
;;;;;;;;;;;;;;;;;;;;;;;;;
;;;;;;;;;;;;;;;;;;;;;;;;;
;;;;;;;;;;;;;;;;;;;;;;;;;
;;;;;;;;;;;;;;;;;;;;;;;;;
;;;;;;;;;;;;;;;;;;;;;;;;;
;;;;;;;;;;;;;;;;;;;;;;;;;
;;;;;;;;;;;;;;;;;;;;;;;;;
;;;;;;;;;;;;;;;;;;;;;;;;;
;;;;;;;;;;;;;;;;;;;;;;;;;
;;;;;;;;;;;;;;;;;;;;;;;;;
;;;;;;;;;;;;;;;;;;;;;;;;;
;;;;;;;;;;;;;;;;;;;;;;;;;
;;;;;;;;;;;;;;;;;;;;;;;;;
;;;;;;;;;;;;;;;;;;;;;;;;;
;;;;;;;;;;;;;;;;;;;;;;;;;
;;;;;;;;;;;;;;;;;;;;;;;;;
;;;;;;;;;;;;;;;;;;;;;;;;;
;;;;;;;;;;;;;;;;;;;;;;;;;
;;;;;;;;;;;;;;;;;;;;;;;;;
;;;;;;;;;;;;;;;;;;;;;;;;;
;;;;;;;;;;;;;;;;;;;;;;;;;
;;;;;;;;;;;;;;;;;;;;;;;;;
;;;;;;;;;;;;;;;;;;;;;;;;;
;;;;;;;;;;;;;;;;;;;;;;;;;
;;;;;;;;;;;;;;;;;;;;;;;;;
;;;;;;;;;;;;;;;;;;;;;;;;;
;;;;;;;;;;;;;;;;;;;;;;;;;
;;;;;;;;;;;;;;;;;;;;;;;;;
;;;;;;;;;;;;;;;;;;;;;;;;;
;;;;;;;;;;;;;;;;;;;;;;;;;
;;;;;;;;;;;;;;;;;;;;;;;;;
;;;;;;;;;;;;;;;;;;;;;;;;;
;;;;;;;;;;;;;;;;;;;;;;;;;
;;;;;;;;;;;;;;;;;;;;;;;;;
;;;;;;;;;;;;;;;;;;;;;;;;;
;;;;;;;;;;;;;;;;;;;;;;;;;
;;;;;;;;;;;;;;;;;;;;;;;;;
;;;;;;;;;;;;;;;;;;;;;;;;;
;;;;;;;;;;;;;;;;;;;;;;;;;
;;;;;;;;;;;;;;;;;;;;;;;;;
;;;;;;;;;;;;;;;;;;;;;;;;;
;;;;;;;;;;;;;;;;;;;;;;;;;
;;;;;;;;;;;;;;;;;;;;;;;;;
;;;;;;;;;;;;;;;;;;;;;;;;;
;;;;;;;;;;;;;;;;;;;;;;;;;
;;;;;;;;;;;;;;;;;;;;;;;;;
;;;;;;;;;;;;;;;;;;;;;;;;;
;;;;;;;;;;;;;;;;;;;;;;;;;
;;;;;;;;;;;;;;;;;;;;;;;;;
;;;;;;;;;;;;;;;;;;;;;;;;;
;;;;;;;;;;;;;;;;;;;;;;;;;
;;;;;;;;;;;;;;;;;;;;;;;;;
;;;;;;;;;;;;;;;;;;;;;;;;;
;;;;;;;;;;;;;;;;;;;;;;;;;
;;;;;;;;;;;;;;;;;;;;;;;;;
;;;;;;;;;;;;;;;;;;;;;;;;;
;;;;;;;;;;;;;;;;;;;;;;;;;
;;;;;;;;;;;;;;;;;;;;;;;;;
;;;;;;;;;;;;;;;;;;;;;;;;;
;;;;;;;;;;;;;;;;;;;;;;;;;
;;;;;;;;;;;;;;;;;;;;;;;;;
;;;;;;;;;;;;;;;;;;;;;;;;;
;;;;;;;;;;;;;;;;;;;;;;;;;
;;;;;;;;;;;;;;;;;;;;;;;;;
;;;;;;;;;;;;;;;;;;;;;;;;;
;;;;;;;;;;;;;;;;;;;;;;;;;
;;;;;;;;;;;;;;;;;;;;;;;;;
;;;;;;;;;;;;;;;;;;;;;;;;;
;;;;;;;;;;;;;;;;;;;;;;;;;
;;;;;;;;;;;;;;;;;;;;;;;;;
;;;;;;;;;;;;;;;;;;;;;;;;;
;;;;;;;;;;;;;;;;;;;;;;;;;
;;;;;;;;;;;;;;;;;;;;;;;;;
;;;;;;;;;;;;;;;;;;;;;;;;;
;;;;;;;;;;;;;;;;;;;;;;;;;
;;;;;;;;;;;;;;;;;;;;;;;;;
;;;;;;;;;;;;;;;;;;;;;;;;;
;;;;;;;;;;;;;;;;;;;;;;;;;
;;;;;;;;;;;;;;;;;;;;;;;;;
;;;;;;;;;;;;;;;;;;;;;;;;;
;;;;;;;;;;;;;;;;;;;;;;;;;
;;;;;;;;;;;;;;;;;;;;;;;;;
;;;;;;;;;;;;;;;;;;;;;;;;;
;;;;;;;;;;;;;;;;;;;;;;;;;
;;;;;;;;;;;;;;;;;;;;;;;;;
;;;;;;;;;;;;;;;;;;;;;;;;;
;;;;;;;;;;;;;;;;;;;;;;;;;
;;;;;;;;;;;;;;;;;;;;;;;;;
;;;;;;;;;;;;;;;;;;;;;;;;;
;;;;;;;;;;;;;;;;;;;;;;;;;
;;;;;;;;;;;;;;;;;;;;;;;;;
;;;;;;;;;;;;;;;;;;;;;;;;;
;;;;;;;;;;;;;;;;;;;;;;;;;
;;;;;;;;;;;;;;;;;;;;;;;;;
;;;;;;;;;;;;;;;;;;;;;;;;;
;;;;;;;;;;;;;;;;;;;;;;;;;
;;;;;;;;;;;;;;;;;;;;;;;;;
;;;;;;;;;;;;;;;;;;;;;;;;;
;;;;;;;;;;;;;;;;;;;;;;;;;
;;;;;;;;;;;;;;;;;;;;;;;;;
;;;;;;;;;;;;;;;;;;;;;;;;;
;;;;;;;;;;;;;;;;;;;;;;;;;
;;;;;;;;;;;;;;;;;;;;;;;;;
;;;;;;;;;;;;;;;;;;;;;;;;;
;;;;;;;;;;;;;;;;;;;;;;;;;
;;;;;;;;;;;;;;;;;;;;;;;;;
;;;;;;;;;;;;;;;;;;;;;;;;;
;;;;;;;;;;;;;;;;;;;;;;;;;
;;;;;;;;;;;;;;;;;;;;;;;;;
;;;;;;;;;;;;;;;;;;;;;;;;;
;;;;;;;;;;;;;;;;;;;;;;;;;
;;;;;;;;;;;;;;;;;;;;;;;;;
;;;;;;;;;;;;;;;;;;;;;;;;;
;;;;;;;;;;;;;;;;;;;;;;;;;
;;;;;;;;;;;;;;;;;;;;;;;;;
;;;;;;;;;;;;;;;;;;;;;;;;;
;;;;;;;;;;;;;;;;;;;;;;;;;
;;;;;;;;;;;;;;;;;;;;;;;;;
;;;;;;;;;;;;;;;;;;;;;;;;;
;;;;;;;;;;;;;;;;;;;;;;;;;
;;;;;;;;;;;;;;;;;;;;;;;;;
;;;;;;;;;;;;;;;;;;;;;;;;;
;;;;;;;;;;;;;;;;;;;;;;;;;
;;;;;;;;;;;;;;;;;;;;;;;;;
;;;;;;;;;;;;;;;;;;;;;;;;;
;;;;;;;;;;;;;;;;;;;;;;;;;
;;;;;;;;;;;;;;;;;;;;;;;;;
;;;;;;;;;;;;;;;;;;;;;;;;;
;;;;;;;;;;;;;;;;;;;;;;;;;
;;;;;;;;;;;;;;;;;;;;;;;;;
;;;;;;;;;;;;;;;;;;;;;;;;;
;;;;;;;;;;;;;;;;;;;;;;;;;
;;;;;;;;;;;;;;;;;;;;;;;;;
;;;;;;;;;;;;;;;;;;;;;;;;;
;;;;;;;;;;;;;;;;;;;;;;;;;
;;;;;;;;;;;;;;;;;;;;;;;;;
;;;;;;;;;;;;;;;;;;;;;;;;;
;;;;;;;;;;;;;;;;;;;;;;;;;
;;;;;;;;;;;;;;;;;;;;;;;;;
;;;;;;;;;;;;;;;;;;;;;;;;;
;;;;;;;;;;;;;;;;;;;;;;;;;
;;;;;;;;;;;;;;;;;;;;;;;;;
;;;;;;;;;;;;;;;;;;;;;;;;;
;;;;;;;;;;;;;;;;;;;;;;;;;
;;;;;;;;;;;;;;;;;;;;;;;;;
;;;;;;;;;;;;;;;;;;;;;;;;;
;;;;;;;;;;;;;;;;;;;;;;;;;
;;;;;;;;;;;;;;;;;;;;;;;;;
;;;;;;;;;;;;;;;;;;;;;;;;;
;;;;;;;;;;;;;;;;;;;;;;;;;
;;;;;;;;;;;;;;;;;;;;;;;;;
;;;;;;;;;;;;;;;;;;;;;;;;;
;;;;;;;;;;;;;;;;;;;;;;;;;
;;;;;;;;;;;;;;;;;;;;;;;;;
;;;;;;;;;;;;;;;;;;;;;;;;;
;;;;;;;;;;;;;;;;;;;;;;;;;
;;;;;;;;;;;;;;;;;;;;;;;;;
;;;;;;;;;;;;;;;;;;;;;;;;;
;;;;;;;;;;;;;;;;;;;;;;;;;
;;;;;;;;;;;;;;;;;;;;;;;;;
;;;;;;;;;;;;;;;;;;;;;;;;;
;;;;;;;;;;;;;;;;;;;;;;;;;
;;;;;;;;;;;;;;;;;;;;;;;;;
;;;;;;;;;;;;;;;;;;;;;;;;;
;;;;;;;;;;;;;;;;;;;;;;;;;
;;;;;;;;;;;;;;;;;;;;;;;;;
;;;;;;;;;;;;;;;;;;;;;;;;;
;;;;;;;;;;;;;;;;;;;;;;;;;
;;;;;;;;;;;;;;;;;;;;;;;;;
;;;;;;;;;;;;;;;;;;;;;;;;;
;;;;;;;;;;;;;;;;;;;;;;;;;
;;;;;;;;;;;;;;;;;;;;;;;;;
;;;;;;;;;;;;;;;;;;;;;;;;;
;;;;;;;;;;;;;;;;;;;;;;;;;
;;;;;;;;;;;;;;;;;;;;;;;;;
;;;;;;;;;;;;;;;;;;;;;;;;;
;;;;;;;;;;;;;;;;;;;;;;;;;
;;;;;;;;;;;;;;;;;;;;;;;;;
;;;;;;;;;;;;;;;;;;;;;;;;;
;;;;;;;;;;;;;;;;;;;;;;;;;
;;;;;;;;;;;;;;;;;;;;;;;;;
;;;;;;;;;;;;;;;;;;;;;;;;;
;;;;;;;;;;;;;;;;;;;;;;;;;
;;;;;;;;;;;;;;;;;;;;;;;;;
;;;;;;;;;;;;;;;;;;;;;;;;;
;;;;;;;;;;;;;;;;;;;;;;;;;
;;;;;;;;;;;;;;;;;;;;;;;;;
;;;;;;;;;;;;;;;;;;;;;;;;;
;;;;;;;;;;;;;;;;;;;;;;;;;
;;;;;;;;;;;;;;;;;;;;;;;;;
;;;;;;;;;;;;;;;;;;;;;;;;;
;;;;;;;;;;;;;;;;;;;;;;;;;
;;;;;;;;;;;;;;;;;;;;;;;;;
;;;;;;;;;;;;;;;;;;;;;;;;;
;;;;;;;;;;;;;;;;;;;;;;;;;
;;;;;;;;;;;;;;;;;;;;;;;;;
;;;;;;;;;;;;;;;;;;;;;;;;;
;;;;;;;;;;;;;;;;;;;;;;;;;
;;;;;;;;;;;;;;;;;;;;;;;;;
;;;;;;;;;;;;;;;;;;;;;;;;;
;;;;;;;;;;;;;;;;;;;;;;;;;
;;;;;;;;;;;;;;;;;;;;;;;;;
;;;;;;;;;;;;;;;;;;;;;;;;;
;;;;;;;;;;;;;;;;;;;;;;;;;
;;;;;;;;;;;;;;;;;;;;;;;;;
;;;;;;;;;;;;;;;;;;;;;;;;;
;;;;;;;;;;;;;;;;;;;;;;;;;
;;;;;;;;;;;;;;;;;;;;;;;;;
;;;;;;;;;;;;;;;;;;;;;;;;;
;;;;;;;;;;;;;;;;;;;;;;;;;
;;;;;;;;;;;;;;;;;;;;;;;;;
;;;;;;;;;;;;;;;;;;;;;;;;;
;;;;;;;;;;;;;;;;;;;;;;;;;
;;;;;;;;;;;;;;;;;;;;;;;;;
;;;;;;;;;;;;;;;;;;;;;;;;;
;;;;;;;;;;;;;;;;;;;;;;;;;
;;;;;;;;;;;;;;;;;;;;;;;;;
;;;;;;;;;;;;;;;;;;;;;;;;;
;;;;;;;;;;;;;;;;;;;;;;;;;
;;;;;;;;;;;;;;;;;;;;;;;;;
;;;;;;;;;;;;;;;;;;;;;;;;;
;;;;;;;;;;;;;;;;;;;;;;;;;
;;;;;;;;;;;;;;;;;;;;;;;;;
;;;;;;;;;;;;;;;;;;;;;;;;;
;;;;;;;;;;;;;;;;;;;;;;;;;
;;;;;;;;;;;;;;;;;;;;;;;;;
;;;;;;;;;;;;;;;;;;;;;;;;;
;;;;;;;;;;;;;;;;;;;;;;;;;
;;;;;;;;;;;;;;;;;;;;;;;;;
;;;;;;;;;;;;;;;;;;;;;;;;;
;;;;;;;;;;;;;;;;;;;;;;;;;
;;;;;;;;;;;;;;;;;;;;;;;;;
;;;;;;;;;;;;;;;;;;;;;;;;;
;;;;;;;;;;;;;;;;;;;;;;;;;
;;;;;;;;;;;;;;;;;;;;;;;;;
;;;;;;;;;;;;;;;;;;;;;;;;;
;;;;;;;;;;;;;;;;;;;;;;;;;
;;;;;;;;;;;;;;;;;;;;;;;;;
;;;;;;;;;;;;;;;;;;;;;;;;;
;;;;;;;;;;;;;;;;;;;;;;;;;
;;;;;;;;;;;;;;;;;;;;;;;;;
;;;;;;;;;;;;;;;;;;;;;;;;;
;;;;;;;;;;;;;;;;;;;;;;;;;
;;;;;;;;;;;;;;;;;;;;;;;;;
;;;;;;;;;;;;;;;;;;;;;;;;;
;;;;;;;;;;;;;;;;;;;;;;;;;
;;;;;;;;;;;;;;;;;;;;;;;;;
;;;;;;;;;;;;;;;;;;;;;;;;;
;;;;;;;;;;;;;;;;;;;;;;;;;
;;;;;;;;;;;;;;;;;;;;;;;;;
;;;;;;;;;;;;;;;;;;;;;;;;;
;;;;;;;;;;;;;;;;;;;;;;;;;
;;;;;;;;;;;;;;;;;;;;;;;;;
;;;;;;;;;;;;;;;;;;;;;;;;;
;;;;;;;;;;;;;;;;;;;;;;;;;
;;;;;;;;;;;;;;;;;;;;;;;;;
;;;;;;;;;;;;;;;;;;;;;;;;;
;;;;;;;;;;;;;;;;;;;;;;;;;
;;;;;;;;;;;;;;;;;;;;;;;;;
;;;;;;;;;;;;;;;;;;;;;;;;;
;;;;;;;;;;;;;;;;;;;;;;;;;
;;;;;;;;;;;;;;;;;;;;;;;;;
;;;;;;;;;;;;;;;;;;;;;;;;;
;;;;;;;;;;;;;;;;;;;;;;;;;
;;;;;;;;;;;;;;;;;;;;;;;;;
;;;;;;;;;;;;;;;;;;;;;;;;;
;;;;;;;;;;;;;;;;;;;;;;;;;
;;;;;;;;;;;;;;;;;;;;;;;;;
;;;;;;;;;;;;;;;;;;;;;;;;;
;;;;;;;;;;;;;;;;;;;;;;;;;
;;;;;;;;;;;;;;;;;;;;;;;;;
;;;;;;;;;;;;;;;;;;;;;;;;;
;;;;;;;;;;;;;;;;;;;;;;;;;
;;;;;;;;;;;;;;;;;;;;;;;;;
;;;;;;;;;;;;;;;;;;;;;;;;;
;;;;;;;;;;;;;;;;;;;;;;;;;
;;;;;;;;;;;;;;;;;;;;;;;;;
;;;;;;;;;;;;;;;;;;;;;;;;;
;;;;;;;;;;;;;;;;;;;;;;;;;
;;;;;;;;;;;;;;;;;;;;;;;;;
;;;;;;;;;;;;;;;;;;;;;;;;;
;;;;;;;;;;;;;;;;;;;;;;;;;
;;;;;;;;;;;;;;;;;;;;;;;;;
;;;;;;;;;;;;;;;;;;;;;;;;;
;;;;;;;;;;;;;;;;;;;;;;;;;
;;;;;;;;;;;;;;;;;;;;;;;;;
;;;;;;;;;;;;;;;;;;;;;;;;;
;;;;;;;;;;;;;;;;;;;;;;;;;
;;;;;;;;;;;;;;;;;;;;;;;;;
;;;;;;;;;;;;;;;;;;;;;;;;;
;;;;;;;;;;;;;;;;;;;;;;;;;
;;;;;;;;;;;;;;;;;;;;;;;;;
;;;;;;;;;;;;;;;;;;;;;;;;;
;;;;;;;;;;;;;;;;;;;;;;;;;
;;;;;;;;;;;;;;;;;;;;;;;;;
;;;;;;;;;;;;;;;;;;;;;;;;;
;;;;;;;;;;;;;;;;;;;;;;;;;
;;;;;;;;;;;;;;;;;;;;;;;;;
;;;;;;;;;;;;;;;;;;;;;;;;;
;;;;;;;;;;;;;;;;;;;;;;;;;
;;;;;;;;;;;;;;;;;;;;;;;;;
;;;;;;;;;;;;;;;;;;;;;;;;;
;;;;;;;;;;;;;;;;;;;;;;;;;
;;;;;;;;;;;;;;;;;;;;;;;;;
;;;;;;;;;;;;;;;;;;;;;;;;;
;;;;;;;;;;;;;;;;;;;;;;;;;
;;;;;;;;;;;;;;;;;;;;;;;;;
;;;;;;;;;;;;;;;;;;;;;;;;;
;;;;;;;;;;;;;;;;;;;;;;;;;
;;;;;;;;;;;;;;;;;;;;;;;;;
;;;;;;;;;;;;;;;;;;;;;;;;;
;;;;;;;;;;;;;;;;;;;;;;;;;
;;;;;;;;;;;;;;;;;;;;;;;;;
;;;;;;;;;;;;;;;;;;;;;;;;;
;;;;;;;;;;;;;;;;;;;;;;;;;
;;;;;;;;;;;;;;;;;;;;;;;;;
;;;;;;;;;;;;;;;;;;;;;;;;;
;;;;;;;;;;;;;;;;;;;;;;;;;
;;;;;;;;;;;;;;;;;;;;;;;;;
;;;;;;;;;;;;;;;;;;;;;;;;;
;;;;;;;;;;;;;;;;;;;;;;;;;
;;;;;;;;;;;;;;;;;;;;;;;;;
;;;;;;;;;;;;;;;;;;;;;;;;;
;;;;;;;;;;;;;;;;;;;;;;;;;
;;;;;;;;;;;;;;;;;;;;;;;;;
;;;;;;;;;;;;;;;;;;;;;;;;;
;;;;;;;;;;;;;;;;;;;;;;;;;
;;;;;;;;;;;;;;;;;;;;;;;;;
;;;;;;;;;;;;;;;;;;;;;;;;;
;;;;;;;;;;;;;;;;;;;;;;;;;
;;;;;;;;;;;;;;;;;;;;;;;;;
;;;;;;;;;;;;;;;;;;;;;;;;;
;;;;;;;;;;;;;;;;;;;;;;;;;
;;;;;;;;;;;;;;;;;;;;;;;;;
;;;;;;;;;;;;;;;;;;;;;;;;;
;;;;;;;;;;;;;;;;;;;;;;;;;
;;;;;;;;;;;;;;;;;;;;;;;;;
;;;;;;;;;;;;;;;;;;;;;;;;;
;;;;;;;;;;;;;;;;;;;;;;;;;
;;;;;;;;;;;;;;;;;;;;;;;;;
;;;;;;;;;;;;;;;;;;;;;;;;;
;;;;;;;;;;;;;;;;;;;;;;;;;
;;;;;;;;;;;;;;;;;;;;;;;;;
;;;;;;;;;;;;;;;;;;;;;;;;;
;;;;;;;;;;;;;;;;;;;;;;;;;
;;;;;;;;;;;;;;;;;;;;;;;;;
;;;;;;;;;;;;;;;;;;;;;;;;;
;;;;;;;;;;;;;;;;;;;;;;;;;
;;;;;;;;;;;;;;;;;;;;;;;;;
;;;;;;;;;;;;;;;;;;;;;;;;;
;;;;;;;;;;;;;;;;;;;;;;;;;
;;;;;;;;;;;;;;;;;;;;;;;;;
;;;;;;;;;;;;;;;;;;;;;;;;;
;;;;;;;;;;;;;;;;;;;;;;;;;
;;;;;;;;;;;;;;;;;;;;;;;;;
;;;;;;;;;;;;;;;;;;;;;;;;;
;;;;;;;;;;;;;;;;;;;;;;;;;
;;;;;;;;;;;;;;;;;;;;;;;;;
;;;;;;;;;;;;;;;;;;;;;;;;;
;;;;;;;;;;;;;;;;;;;;;;;;;
;;;;;;;;;;;;;;;;;;;;;;;;;
;;;;;;;;;;;;;;;;;;;;;;;;;
;;;;;;;;;;;;;;;;;;;;;;;;;
;;;;;;;;;;;;;;;;;;;;;;;;;
;;;;;;;;;;;;;;;;;;;;;;;;;
;;;;;;;;;;;;;;;;;;;;;;;;;
;;;;;;;;;;;;;;;;;;;;;;;;;
;;;;;;;;;;;;;;;;;;;;;;;;;
;;;;;;;;;;;;;;;;;;;;;;;;;
;;;;;;;;;;;;;;;;;;;;;;;;;
;;;;;;;;;;;;;;;;;;;;;;;;;
;;;;;;;;;;;;;;;;;;;;;;;;;
;;;;;;;;;;;;;;;;;;;;;;;;;
;;;;;;;;;;;;;;;;;;;;;;;;;
;;;;;;;;;;;;;;;;;;;;;;;;;
;;;;;;;;;;;;;;;;;;;;;;;;;
;;;;;;;;;;;;;;;;;;;;;;;;;
;;;;;;;;;;;;;;;;;;;;;;;;;
;;;;;;;;;;;;;;;;;;;;;;;;;
;;;;;;;;;;;;;;;;;;;;;;;;;
;;;;;;;;;;;;;;;;;;;;;;;;;
;;;;;;;;;;;;;;;;;;;;;;;;;
;;;;;;;;;;;;;;;;;;;;;;;;;
;;;;;;;;;;;;;;;;;;;;;;;;;
;;;;;;;;;;;;;;;;;;;;;;;;;
;;;;;;;;;;;;;;;;;;;;;;;;;